cohort_week,cohort_index,users_active,cohort_size,retention_rate
2022-12-26,3,1,3,0.3333
2022-12-26,4,1,3,0.3333
2023-01-02,0,5,88,0.0568
2023-01-02,1,12,88,0.1364
2023-01-02,2,8,88,0.0909
2023-01-02,3,7,88,0.0795
2023-01-02,4,5,88,0.0568
2023-01-02,5,3,88,0.0341
2023-01-02,6,5,88,0.0568
2023-01-02,7,3,88,0.0341
2023-01-02,8,3,88,0.0341
2023-01-02,9,2,88,0.0227
2023-01-02,10,1,88,0.0114
2023-01-02,12,4,88,0.0455
2023-01-02,14,1,88,0.0114
2023-01-02,16,1,88,0.0114
2023-01-02,19,1,88,0.0114
2023-01-09,0,10,207,0.0483
2023-01-09,1,21,207,0.1014
2023-01-09,2,11,207,0.0531
2023-01-09,3,17,207,0.0821
2023-01-09,4,7,207,0.0338
2023-01-09,5,9,207,0.0435
2023-01-09,6,13,207,0.0628
2023-01-09,7,4,207,0.0193
2023-01-09,8,6,207,0.029
2023-01-09,9,4,207,0.0193
2023-01-09,11,1,207,0.0048
2023-01-09,12,1,207,0.0048
2023-01-09,13,1,207,0.0048
2023-01-09,14,1,207,0.0048
2023-01-09,15,1,207,0.0048
2023-01-09,27,1,207,0.0048
2023-01-09,30,1,207,0.0048
2023-01-16,0,28,324,0.0864
2023-01-16,1,30,324,0.0926
2023-01-16,2,26,324,0.0802
2023-01-16,3,18,324,0.0556
2023-01-16,4,16,324,0.0494
2023-01-16,5,13,324,0.0401
2023-01-16,6,15,324,0.0463
2023-01-16,7,7,324,0.0216
2023-01-16,8,8,324,0.0247
2023-01-16,9,4,324,0.0123
2023-01-16,10,5,324,0.0154
2023-01-16,11,3,324,0.0093
2023-01-16,12,1,324,0.0031
2023-01-16,13,1,324,0.0031
2023-01-16,14,1,324,0.0031
2023-01-16,15,4,324,0.0123
2023-01-16,17,2,324,0.0062
2023-01-16,18,1,324,0.0031
2023-01-16,34,1,324,0.0031
2023-01-23,0,26,467,0.0557
2023-01-23,1,46,467,0.0985
2023-01-23,2,34,467,0.0728
2023-01-23,3,38,467,0.0814
2023-01-23,4,27,467,0.0578
2023-01-23,5,15,467,0.0321
2023-01-23,6,18,467,0.0385
2023-01-23,7,12,467,0.0257
2023-01-23,8,10,467,0.0214
2023-01-23,9,8,467,0.0171
2023-01-23,10,5,467,0.0107
2023-01-23,11,7,467,0.015
2023-01-23,12,1,467,0.0021
2023-01-23,13,3,467,0.0064
2023-01-23,14,2,467,0.0043
2023-01-23,15,3,467,0.0064
2023-01-23,16,1,467,0.0021
2023-01-23,18,1,467,0.0021
2023-01-23,20,2,467,0.0043
2023-01-23,21,3,467,0.0064
2023-01-23,25,1,467,0.0021
2023-01-30,0,30,565,0.0531
2023-01-30,1,54,565,0.0956
2023-01-30,2,50,565,0.0885
2023-01-30,3,40,565,0.0708
2023-01-30,4,33,565,0.0584
2023-01-30,5,35,565,0.0619
2023-01-30,6,12,565,0.0212
2023-01-30,7,16,565,0.0283
2023-01-30,8,12,565,0.0212
2023-01-30,9,13,565,0.023
2023-01-30,10,11,565,0.0195
2023-01-30,11,8,565,0.0142
2023-01-30,12,5,565,0.0088
2023-01-30,13,1,565,0.0018
2023-01-30,14,3,565,0.0053
2023-01-30,15,1,565,0.0018
2023-01-30,16,2,565,0.0035
2023-01-30,17,2,565,0.0035
2023-01-30,18,3,565,0.0053
2023-01-30,20,1,565,0.0018
2023-01-30,25,1,565,0.0018
2023-02-06,0,57,675,0.0844
2023-02-06,1,72,675,0.1067
2023-02-06,2,62,675,0.0919
2023-02-06,3,43,675,0.0637
2023-02-06,4,33,675,0.0489
2023-02-06,5,31,675,0.0459
2023-02-06,6,21,675,0.0311
2023-02-06,7,14,675,0.0207
2023-02-06,8,12,675,0.0178
2023-02-06,9,12,675,0.0178
2023-02-06,10,11,675,0.0163
2023-02-06,11,4,675,0.0059
2023-02-06,12,5,675,0.0074
2023-02-06,13,4,675,0.0059
2023-02-06,14,4,675,0.0059
2023-02-06,15,5,675,0.0074
2023-02-06,16,2,675,0.003
2023-02-06,17,3,675,0.0044
2023-02-06,18,1,675,0.0015
2023-02-06,19,2,675,0.003
2023-02-06,20,1,675,0.0015
2023-02-06,21,1,675,0.0015
2023-02-06,29,1,675,0.0015
2023-02-13,0,52,775,0.0671
2023-02-13,1,80,775,0.1032
2023-02-13,2,74,775,0.0955
2023-02-13,3,57,775,0.0735
2023-02-13,4,38,775,0.049
2023-02-13,5,35,775,0.0452
2023-02-13,6,34,775,0.0439
2023-02-13,7,23,775,0.0297
2023-02-13,8,17,775,0.0219
2023-02-13,9,15,775,0.0194
2023-02-13,10,9,775,0.0116
2023-02-13,11,11,775,0.0142
2023-02-13,12,6,775,0.0077
2023-02-13,13,8,775,0.0103
2023-02-13,14,2,775,0.0026
2023-02-13,15,5,775,0.0065
2023-02-13,16,1,775,0.0013
2023-02-13,17,3,775,0.0039
2023-02-13,18,1,775,0.0013
2023-02-13,21,1,775,0.0013
2023-02-13,22,1,775,0.0013
2023-02-13,24,2,775,0.0026
2023-02-13,27,1,775,0.0013
2023-02-13,30,1,775,0.0013
2023-02-20,0,60,867,0.0692
2023-02-20,1,95,867,0.1096
2023-02-20,2,66,867,0.0761
2023-02-20,3,52,867,0.06
2023-02-20,4,31,867,0.0358
2023-02-20,5,38,867,0.0438
2023-02-20,6,18,867,0.0208
2023-02-20,7,27,867,0.0311
2023-02-20,8,11,867,0.0127
2023-02-20,9,16,867,0.0185
2023-02-20,10,5,867,0.0058
2023-02-20,11,9,867,0.0104
2023-02-20,12,9,867,0.0104
2023-02-20,13,5,867,0.0058
2023-02-20,14,8,867,0.0092
2023-02-20,15,2,867,0.0023
2023-02-20,16,2,867,0.0023
2023-02-20,17,1,867,0.0012
2023-02-20,18,2,867,0.0023
2023-02-20,19,2,867,0.0023
2023-02-20,20,1,867,0.0012
2023-02-20,21,1,867,0.0012
2023-02-20,23,2,867,0.0023
2023-02-20,24,1,867,0.0012
2023-02-27,0,57,925,0.0616
2023-02-27,1,68,925,0.0735
2023-02-27,2,59,925,0.0638
2023-02-27,3,50,925,0.0541
2023-02-27,4,34,925,0.0368
2023-02-27,5,34,925,0.0368
2023-02-27,6,31,925,0.0335
2023-02-27,7,18,925,0.0195
2023-02-27,8,14,925,0.0151
2023-02-27,9,14,925,0.0151
2023-02-27,10,4,925,0.0043
2023-02-27,11,6,925,0.0065
2023-02-27,12,4,925,0.0043
2023-02-27,13,3,925,0.0032
2023-02-27,14,4,925,0.0043
2023-02-27,15,3,925,0.0032
2023-02-27,16,1,925,0.0011
2023-02-27,17,2,925,0.0022
2023-02-27,18,1,925,0.0011
2023-02-27,19,1,925,0.0011
2023-02-27,20,2,925,0.0022
2023-02-27,26,1,925,0.0011
2023-02-27,28,1,925,0.0011
2023-03-06,0,54,1020,0.0529
2023-03-06,1,84,1020,0.0824
2023-03-06,2,53,1020,0.052
2023-03-06,3,47,1020,0.0461
2023-03-06,4,51,1020,0.05
2023-03-06,5,36,1020,0.0353
2023-03-06,6,24,1020,0.0235
2023-03-06,7,32,1020,0.0314
2023-03-06,8,19,1020,0.0186
2023-03-06,9,17,1020,0.0167
2023-03-06,10,15,1020,0.0147
2023-03-06,11,6,1020,0.0059
2023-03-06,12,7,1020,0.0069
2023-03-06,13,2,1020,0.002
2023-03-06,14,4,1020,0.0039
2023-03-06,15,5,1020,0.0049
2023-03-06,16,1,1020,0.001
2023-03-06,17,3,1020,0.0029
2023-03-06,18,4,1020,0.0039
2023-03-06,20,1,1020,0.001
2023-03-06,21,1,1020,0.001
2023-03-06,33,1,1020,0.001
2023-03-13,0,73,1194,0.0611
2023-03-13,1,98,1194,0.0821
2023-03-13,2,72,1194,0.0603
2023-03-13,3,73,1194,0.0611
2023-03-13,4,44,1194,0.0369
2023-03-13,5,43,1194,0.036
2023-03-13,6,46,1194,0.0385
2023-03-13,7,26,1194,0.0218
2023-03-13,8,21,1194,0.0176
2023-03-13,9,15,1194,0.0126
2023-03-13,10,7,1194,0.0059
2023-03-13,11,12,1194,0.0101
2023-03-13,12,9,1194,0.0075
2023-03-13,13,9,1194,0.0075
2023-03-13,14,7,1194,0.0059
2023-03-13,15,3,1194,0.0025
2023-03-13,16,3,1194,0.0025
2023-03-13,17,3,1194,0.0025
2023-03-13,18,2,1194,0.0017
2023-03-13,23,1,1194,0.0008
2023-03-20,0,71,1207,0.0588
2023-03-20,1,103,1207,0.0853
2023-03-20,2,80,1207,0.0663
2023-03-20,3,61,1207,0.0505
2023-03-20,4,51,1207,0.0423
2023-03-20,5,41,1207,0.034
2023-03-20,6,30,1207,0.0249
2023-03-20,7,26,1207,0.0215
2023-03-20,8,19,1207,0.0157
2023-03-20,9,17,1207,0.0141
2023-03-20,10,13,1207,0.0108
2023-03-20,11,9,1207,0.0075
2023-03-20,12,12,1207,0.0099
2023-03-20,13,11,1207,0.0091
2023-03-20,14,3,1207,0.0025
2023-03-20,15,1,1207,0.0008
2023-03-20,16,1,1207,0.0008
2023-03-20,17,2,1207,0.0017
2023-03-20,18,4,1207,0.0033
2023-03-20,20,1,1207,0.0008
2023-03-20,21,1,1207,0.0008
2023-03-20,26,1,1207,0.0008
2023-03-20,30,1,1207,0.0008
2023-03-27,0,64,1318,0.0486
2023-03-27,1,96,1318,0.0728
2023-03-27,2,108,1318,0.0819
2023-03-27,3,71,1318,0.0539
2023-03-27,4,65,1318,0.0493
2023-03-27,5,42,1318,0.0319
2023-03-27,6,30,1318,0.0228
2023-03-27,7,24,1318,0.0182
2023-03-27,8,24,1318,0.0182
2023-03-27,9,29,1318,0.022
2023-03-27,10,8,1318,0.0061
2023-03-27,11,6,1318,0.0046
2023-03-27,12,5,1318,0.0038
2023-03-27,13,6,1318,0.0046
2023-03-27,14,5,1318,0.0038
2023-03-27,15,4,1318,0.003
2023-03-27,16,4,1318,0.003
2023-03-27,17,2,1318,0.0015
2023-03-27,18,3,1318,0.0023
2023-03-27,19,3,1318,0.0023
2023-03-27,20,1,1318,0.0008
2023-03-27,21,1,1318,0.0008
2023-03-27,23,1,1318,0.0008
2023-03-27,26,1,1318,0.0008
2023-03-27,30,1,1318,0.0008
2023-03-27,39,1,1318,0.0008
2023-04-03,0,79,1376,0.0574
2023-04-03,1,115,1376,0.0836
2023-04-03,2,71,1376,0.0516
2023-04-03,3,67,1376,0.0487
2023-04-03,4,68,1376,0.0494
2023-04-03,5,53,1376,0.0385
2023-04-03,6,42,1376,0.0305
2023-04-03,7,22,1376,0.016
2023-04-03,8,12,1376,0.0087
2023-04-03,9,16,1376,0.0116
2023-04-03,10,8,1376,0.0058
2023-04-03,11,9,1376,0.0065
2023-04-03,12,8,1376,0.0058
2023-04-03,13,6,1376,0.0044
2023-04-03,14,6,1376,0.0044
2023-04-03,15,7,1376,0.0051
2023-04-03,16,2,1376,0.0015
2023-04-03,17,5,1376,0.0036
2023-04-03,18,3,1376,0.0022
2023-04-03,19,1,1376,0.0007
2023-04-03,20,2,1376,0.0015
2023-04-03,22,1,1376,0.0007
2023-04-03,23,1,1376,0.0007
2023-04-03,24,1,1376,0.0007
2023-04-10,0,70,1389,0.0504
2023-04-10,1,112,1389,0.0806
2023-04-10,2,89,1389,0.0641
2023-04-10,3,74,1389,0.0533
2023-04-10,4,50,1389,0.036
2023-04-10,5,46,1389,0.0331
2023-04-10,6,36,1389,0.0259
2023-04-10,7,39,1389,0.0281
2023-04-10,8,19,1389,0.0137
2023-04-10,9,17,1389,0.0122
2023-04-10,10,13,1389,0.0094
2023-04-10,11,10,1389,0.0072
2023-04-10,12,5,1389,0.0036
2023-04-10,13,7,1389,0.005
2023-04-10,14,7,1389,0.005
2023-04-10,15,7,1389,0.005
2023-04-10,16,4,1389,0.0029
2023-04-10,18,2,1389,0.0014
2023-04-10,19,3,1389,0.0022
2023-04-10,20,1,1389,0.0007
2023-04-10,21,1,1389,0.0007
2023-04-10,22,2,1389,0.0014
2023-04-10,23,1,1389,0.0007
2023-04-10,25,1,1389,0.0007
2023-04-10,26,1,1389,0.0007
2023-04-10,34,1,1389,0.0007
2023-04-17,0,90,1541,0.0584
2023-04-17,1,136,1541,0.0883
2023-04-17,2,86,1541,0.0558
2023-04-17,3,75,1541,0.0487
2023-04-17,4,72,1541,0.0467
2023-04-17,5,50,1541,0.0324
2023-04-17,6,43,1541,0.0279
2023-04-17,7,35,1541,0.0227
2023-04-17,8,24,1541,0.0156
2023-04-17,9,21,1541,0.0136
2023-04-17,10,12,1541,0.0078
2023-04-17,11,18,1541,0.0117
2023-04-17,12,18,1541,0.0117
2023-04-17,13,10,1541,0.0065
2023-04-17,14,8,1541,0.0052
2023-04-17,15,5,1541,0.0032
2023-04-17,16,5,1541,0.0032
2023-04-17,17,5,1541,0.0032
2023-04-17,18,2,1541,0.0013
2023-04-17,19,2,1541,0.0013
2023-04-17,21,1,1541,0.0006
2023-04-17,22,3,1541,0.0019
2023-04-17,23,1,1541,0.0006
2023-04-17,24,2,1541,0.0013
2023-04-17,25,1,1541,0.0006
2023-04-17,32,1,1541,0.0006
2023-04-17,44,1,1541,0.0006
2023-04-24,0,103,1554,0.0663
2023-04-24,1,138,1554,0.0888
2023-04-24,2,103,1554,0.0663
2023-04-24,3,88,1554,0.0566
2023-04-24,4,80,1554,0.0515
2023-04-24,5,60,1554,0.0386
2023-04-24,6,39,1554,0.0251
2023-04-24,7,42,1554,0.027
2023-04-24,8,25,1554,0.0161
2023-04-24,9,16,1554,0.0103
2023-04-24,10,20,1554,0.0129
2023-04-24,11,10,1554,0.0064
2023-04-24,12,6,1554,0.0039
2023-04-24,13,10,1554,0.0064
2023-04-24,14,4,1554,0.0026
2023-04-24,15,4,1554,0.0026
2023-04-24,16,6,1554,0.0039
2023-04-24,17,6,1554,0.0039
2023-04-24,18,3,1554,0.0019
2023-04-24,19,2,1554,0.0013
2023-04-24,21,2,1554,0.0013
2023-04-24,23,1,1554,0.0006
2023-04-24,24,1,1554,0.0006
2023-04-24,25,1,1554,0.0006
2023-04-24,26,2,1554,0.0013
2023-04-24,33,1,1554,0.0006
2023-05-01,0,105,1574,0.0667
2023-05-01,1,145,1574,0.0921
2023-05-01,2,116,1574,0.0737
2023-05-01,3,60,1574,0.0381
2023-05-01,4,83,1574,0.0527
2023-05-01,5,48,1574,0.0305
2023-05-01,6,53,1574,0.0337
2023-05-01,7,33,1574,0.021
2023-05-01,8,25,1574,0.0159
2023-05-01,9,25,1574,0.0159
2023-05-01,10,24,1574,0.0152
2023-05-01,11,13,1574,0.0083
2023-05-01,12,12,1574,0.0076
2023-05-01,13,9,1574,0.0057
2023-05-01,14,4,1574,0.0025
2023-05-01,15,4,1574,0.0025
2023-05-01,16,4,1574,0.0025
2023-05-01,17,4,1574,0.0025
2023-05-01,18,2,1574,0.0013
2023-05-01,19,3,1574,0.0019
2023-05-01,22,1,1574,0.0006
2023-05-01,23,1,1574,0.0006
2023-05-01,26,1,1574,0.0006
2023-05-01,27,1,1574,0.0006
2023-05-08,0,88,1760,0.05
2023-05-08,1,120,1760,0.0682
2023-05-08,2,107,1760,0.0608
2023-05-08,3,66,1760,0.0375
2023-05-08,4,66,1760,0.0375
2023-05-08,5,50,1760,0.0284
2023-05-08,6,46,1760,0.0261
2023-05-08,7,25,1760,0.0142
2023-05-08,8,25,1760,0.0142
2023-05-08,9,28,1760,0.0159
2023-05-08,10,13,1760,0.0074
2023-05-08,11,7,1760,0.004
2023-05-08,12,13,1760,0.0074
2023-05-08,13,7,1760,0.004
2023-05-08,14,3,1760,0.0017
2023-05-08,15,2,1760,0.0011
2023-05-08,16,4,1760,0.0023
2023-05-08,17,4,1760,0.0023
2023-05-08,18,4,1760,0.0023
2023-05-08,19,2,1760,0.0011
2023-05-08,20,1,1760,0.0006
2023-05-08,23,1,1760,0.0006
2023-05-08,27,1,1760,0.0006
2023-05-08,30,1,1760,0.0006
2023-05-15,0,67,1725,0.0388
2023-05-15,1,77,1725,0.0446
2023-05-15,2,70,1725,0.0406
2023-05-15,3,59,1725,0.0342
2023-05-15,4,45,1725,0.0261
2023-05-15,5,48,1725,0.0278
2023-05-15,6,30,1725,0.0174
2023-05-15,7,28,1725,0.0162
2023-05-15,8,15,1725,0.0087
2023-05-15,9,15,1725,0.0087
2023-05-15,10,11,1725,0.0064
2023-05-15,11,4,1725,0.0023
2023-05-15,12,10,1725,0.0058
2023-05-15,13,4,1725,0.0023
2023-05-15,14,5,1725,0.0029
2023-05-15,15,3,1725,0.0017
2023-05-15,16,3,1725,0.0017
2023-05-15,17,3,1725,0.0017
2023-05-15,18,1,1725,0.0006
2023-05-15,19,2,1725,0.0012
2023-05-15,20,4,1725,0.0023
2023-05-15,30,1,1725,0.0006
2023-05-22,0,74,1741,0.0425
2023-05-22,1,115,1741,0.0661
2023-05-22,2,86,1741,0.0494
2023-05-22,3,67,1741,0.0385
2023-05-22,4,55,1741,0.0316
2023-05-22,5,35,1741,0.0201
2023-05-22,6,39,1741,0.0224
2023-05-22,7,28,1741,0.0161
2023-05-22,8,21,1741,0.0121
2023-05-22,9,24,1741,0.0138
2023-05-22,10,9,1741,0.0052
2023-05-22,11,7,1741,0.004
2023-05-22,12,8,1741,0.0046
2023-05-22,13,6,1741,0.0034
2023-05-22,14,8,1741,0.0046
2023-05-22,15,7,1741,0.004
2023-05-22,16,7,1741,0.004
2023-05-22,17,7,1741,0.004
2023-05-22,18,2,1741,0.0011
2023-05-22,19,3,1741,0.0017
2023-05-22,21,2,1741,0.0011
2023-05-22,22,1,1741,0.0006
2023-05-22,26,1,1741,0.0006
2023-05-29,0,72,1796,0.0401
2023-05-29,1,113,1796,0.0629
2023-05-29,2,73,1796,0.0406
2023-05-29,3,68,1796,0.0379
2023-05-29,4,42,1796,0.0234
2023-05-29,5,46,1796,0.0256
2023-05-29,6,32,1796,0.0178
2023-05-29,7,27,1796,0.015
2023-05-29,8,27,1796,0.015
2023-05-29,9,12,1796,0.0067
2023-05-29,10,17,1796,0.0095
2023-05-29,11,8,1796,0.0045
2023-05-29,12,15,1796,0.0084
2023-05-29,13,8,1796,0.0045
2023-05-29,14,1,1796,0.0006
2023-05-29,15,7,1796,0.0039
2023-05-29,16,5,1796,0.0028
2023-05-29,17,4,1796,0.0022
2023-05-29,18,1,1796,0.0006
2023-05-29,20,3,1796,0.0017
2023-05-29,21,3,1796,0.0017
2023-05-29,22,1,1796,0.0006
2023-05-29,24,1,1796,0.0006
2023-05-29,29,1,1796,0.0006
2023-06-05,0,76,1749,0.0435
2023-06-05,1,107,1749,0.0612
2023-06-05,2,86,1749,0.0492
2023-06-05,3,63,1749,0.036
2023-06-05,4,61,1749,0.0349
2023-06-05,5,46,1749,0.0263
2023-06-05,6,29,1749,0.0166
2023-06-05,7,15,1749,0.0086
2023-06-05,8,20,1749,0.0114
2023-06-05,9,21,1749,0.012
2023-06-05,10,9,1749,0.0051
2023-06-05,11,7,1749,0.004
2023-06-05,12,6,1749,0.0034
2023-06-05,13,4,1749,0.0023
2023-06-05,14,4,1749,0.0023
2023-06-05,15,9,1749,0.0051
2023-06-05,16,2,1749,0.0011
2023-06-05,18,1,1749,0.0006
2023-06-05,20,1,1749,0.0006
2023-06-05,21,3,1749,0.0017
2023-06-05,22,3,1749,0.0017
2023-06-05,24,1,1749,0.0006
2023-06-05,27,1,1749,0.0006
2023-06-05,30,1,1749,0.0006
2023-06-05,32,1,1749,0.0006
2023-06-12,0,70,1860,0.0376
2023-06-12,1,140,1860,0.0753
2023-06-12,2,103,1860,0.0554
2023-06-12,3,78,1860,0.0419
2023-06-12,4,50,1860,0.0269
2023-06-12,5,47,1860,0.0253
2023-06-12,6,31,1860,0.0167
2023-06-12,7,33,1860,0.0177
2023-06-12,8,23,1860,0.0124
2023-06-12,9,18,1860,0.0097
2023-06-12,10,8,1860,0.0043
2023-06-12,11,14,1860,0.0075
2023-06-12,12,11,1860,0.0059
2023-06-12,13,2,1860,0.0011
2023-06-12,14,3,1860,0.0016
2023-06-12,15,2,1860,0.0011
2023-06-12,16,1,1860,0.0005
2023-06-12,17,4,1860,0.0022
2023-06-12,18,2,1860,0.0011
2023-06-12,19,1,1860,0.0005
2023-06-12,20,1,1860,0.0005
2023-06-12,21,1,1860,0.0005
2023-06-12,22,1,1860,0.0005
2023-06-12,23,3,1860,0.0016
2023-06-12,28,1,1860,0.0005
2023-06-19,0,88,1904,0.0462
2023-06-19,1,115,1904,0.0604
2023-06-19,2,82,1904,0.0431
2023-06-19,3,68,1904,0.0357
2023-06-19,4,61,1904,0.032
2023-06-19,5,42,1904,0.0221
2023-06-19,6,46,1904,0.0242
2023-06-19,7,37,1904,0.0194
2023-06-19,8,24,1904,0.0126
2023-06-19,9,22,1904,0.0116
2023-06-19,10,12,1904,0.0063
2023-06-19,11,13,1904,0.0068
2023-06-19,12,13,1904,0.0068
2023-06-19,13,5,1904,0.0026
2023-06-19,14,3,1904,0.0016
2023-06-19,15,3,1904,0.0016
2023-06-19,16,4,1904,0.0021
2023-06-19,17,2,1904,0.0011
2023-06-19,19,1,1904,0.0005
2023-06-19,20,1,1904,0.0005
2023-06-19,21,3,1904,0.0016
2023-06-19,23,1,1904,0.0005
2023-06-19,24,1,1904,0.0005
2023-06-19,35,1,1904,0.0005
2023-06-26,0,73,1965,0.0372
2023-06-26,1,125,1965,0.0636
2023-06-26,2,98,1965,0.0499
2023-06-26,3,63,1965,0.0321
2023-06-26,4,55,1965,0.028
2023-06-26,5,51,1965,0.026
2023-06-26,6,38,1965,0.0193
2023-06-26,7,34,1965,0.0173
2023-06-26,8,23,1965,0.0117
2023-06-26,9,21,1965,0.0107
2023-06-26,10,19,1965,0.0097
2023-06-26,11,9,1965,0.0046
2023-06-26,12,10,1965,0.0051
2023-06-26,13,8,1965,0.0041
2023-06-26,14,3,1965,0.0015
2023-06-26,15,4,1965,0.002
2023-06-26,16,4,1965,0.002
2023-06-26,17,2,1965,0.001
2023-06-26,18,1,1965,0.0005
2023-06-26,19,1,1965,0.0005
2023-06-26,21,4,1965,0.002
2023-06-26,22,1,1965,0.0005
2023-06-26,23,1,1965,0.0005
2023-06-26,30,1,1965,0.0005
2023-07-03,0,71,1921,0.037
2023-07-03,1,118,1921,0.0614
2023-07-03,2,88,1921,0.0458
2023-07-03,3,68,1921,0.0354
2023-07-03,4,58,1921,0.0302
2023-07-03,5,55,1921,0.0286
2023-07-03,6,42,1921,0.0219
2023-07-03,7,22,1921,0.0115
2023-07-03,8,17,1921,0.0088
2023-07-03,9,23,1921,0.012
2023-07-03,10,17,1921,0.0088
2023-07-03,11,12,1921,0.0062
2023-07-03,12,12,1921,0.0062
2023-07-03,13,6,1921,0.0031
2023-07-03,14,2,1921,0.001
2023-07-03,15,3,1921,0.0016
2023-07-03,16,10,1921,0.0052
2023-07-03,17,3,1921,0.0016
2023-07-03,18,1,1921,0.0005
2023-07-03,19,3,1921,0.0016
2023-07-03,21,2,1921,0.001
2023-07-03,22,1,1921,0.0005
2023-07-03,23,1,1921,0.0005
2023-07-03,25,1,1921,0.0005
2023-07-10,0,88,1982,0.0444
2023-07-10,1,122,1982,0.0616
2023-07-10,2,98,1982,0.0494
2023-07-10,3,68,1982,0.0343
2023-07-10,4,69,1982,0.0348
2023-07-10,5,51,1982,0.0257
2023-07-10,6,28,1982,0.0141
2023-07-10,7,29,1982,0.0146
2023-07-10,8,23,1982,0.0116
2023-07-10,9,10,1982,0.005
2023-07-10,10,9,1982,0.0045
2023-07-10,11,10,1982,0.005
2023-07-10,12,15,1982,0.0076
2023-07-10,13,9,1982,0.0045
2023-07-10,14,3,1982,0.0015
2023-07-10,15,3,1982,0.0015
2023-07-10,16,2,1982,0.001
2023-07-10,17,7,1982,0.0035
2023-07-10,18,3,1982,0.0015
2023-07-10,19,1,1982,0.0005
2023-07-10,21,2,1982,0.001
2023-07-10,23,1,1982,0.0005
2023-07-10,29,1,1982,0.0005
2023-07-10,33,1,1982,0.0005
2023-07-17,0,64,2007,0.0319
2023-07-17,1,97,2007,0.0483
2023-07-17,2,102,2007,0.0508
2023-07-17,3,87,2007,0.0433
2023-07-17,4,64,2007,0.0319
2023-07-17,5,45,2007,0.0224
2023-07-17,6,46,2007,0.0229
2023-07-17,7,31,2007,0.0154
2023-07-17,8,18,2007,0.009
2023-07-17,9,12,2007,0.006
2023-07-17,10,12,2007,0.006
2023-07-17,11,16,2007,0.008
2023-07-17,12,11,2007,0.0055
2023-07-17,13,7,2007,0.0035
2023-07-17,14,5,2007,0.0025
2023-07-17,15,2,2007,0.001
2023-07-17,16,4,2007,0.002
2023-07-17,17,2,2007,0.001
2023-07-17,18,1,2007,0.0005
2023-07-17,19,1,2007,0.0005
2023-07-17,20,4,2007,0.002
2023-07-17,21,3,2007,0.0015
2023-07-17,22,1,2007,0.0005
2023-07-17,24,1,2007,0.0005
2023-07-17,25,1,2007,0.0005
2023-07-17,35,1,2007,0.0005
2023-07-24,0,78,1981,0.0394
2023-07-24,1,110,1981,0.0555
2023-07-24,2,89,1981,0.0449
2023-07-24,3,70,1981,0.0353
2023-07-24,4,70,1981,0.0353
2023-07-24,5,51,1981,0.0257
2023-07-24,6,28,1981,0.0141
2023-07-24,7,39,1981,0.0197
2023-07-24,8,20,1981,0.0101
2023-07-24,9,18,1981,0.0091
2023-07-24,10,19,1981,0.0096
2023-07-24,11,13,1981,0.0066
2023-07-24,12,13,1981,0.0066
2023-07-24,13,3,1981,0.0015
2023-07-24,14,9,1981,0.0045
2023-07-24,15,7,1981,0.0035
2023-07-24,16,1,1981,0.0005
2023-07-24,17,2,1981,0.001
2023-07-24,18,3,1981,0.0015
2023-07-24,19,2,1981,0.001
2023-07-24,23,1,1981,0.0005
2023-07-24,24,1,1981,0.0005
2023-07-24,25,1,1981,0.0005
2023-07-24,30,1,1981,0.0005
2023-07-31,0,91,2144,0.0424
2023-07-31,1,123,2144,0.0574
2023-07-31,2,84,2144,0.0392
2023-07-31,3,90,2144,0.042
2023-07-31,4,69,2144,0.0322
2023-07-31,5,44,2144,0.0205
2023-07-31,6,36,2144,0.0168
2023-07-31,7,38,2144,0.0177
2023-07-31,8,30,2144,0.014
2023-07-31,9,23,2144,0.0107
2023-07-31,10,22,2144,0.0103
2023-07-31,11,12,2144,0.0056
2023-07-31,12,8,2144,0.0037
2023-07-31,13,5,2144,0.0023
2023-07-31,14,6,2144,0.0028
2023-07-31,15,4,2144,0.0019
2023-07-31,16,4,2144,0.0019
2023-07-31,17,4,2144,0.0019
2023-07-31,19,3,2144,0.0014
2023-07-31,20,1,2144,0.0005
2023-07-31,21,2,2144,0.0009
2023-07-31,22,1,2144,0.0005
2023-08-07,0,89,1995,0.0446
2023-08-07,1,104,1995,0.0521
2023-08-07,2,108,1995,0.0541
2023-08-07,3,70,1995,0.0351
2023-08-07,4,66,1995,0.0331
2023-08-07,5,49,1995,0.0246
2023-08-07,6,31,1995,0.0155
2023-08-07,7,34,1995,0.017
2023-08-07,8,26,1995,0.013
2023-08-07,9,22,1995,0.011
2023-08-07,10,15,1995,0.0075
2023-08-07,11,7,1995,0.0035
2023-08-07,12,6,1995,0.003
2023-08-07,13,5,1995,0.0025
2023-08-07,14,3,1995,0.0015
2023-08-07,15,4,1995,0.002
2023-08-07,16,4,1995,0.002
2023-08-07,17,4,1995,0.002
2023-08-07,18,3,1995,0.0015
2023-08-07,19,1,1995,0.0005
2023-08-07,22,1,1995,0.0005
2023-08-07,23,1,1995,0.0005
2023-08-14,0,99,2024,0.0489
2023-08-14,1,127,2024,0.0627
2023-08-14,2,99,2024,0.0489
2023-08-14,3,71,2024,0.0351
2023-08-14,4,59,2024,0.0292
2023-08-14,5,48,2024,0.0237
2023-08-14,6,36,2024,0.0178
2023-08-14,7,22,2024,0.0109
2023-08-14,8,22,2024,0.0109
2023-08-14,9,17,2024,0.0084
2023-08-14,10,14,2024,0.0069
2023-08-14,11,15,2024,0.0074
2023-08-14,12,11,2024,0.0054
2023-08-14,13,11,2024,0.0054
2023-08-14,14,7,2024,0.0035
2023-08-14,15,5,2024,0.0025
2023-08-14,16,3,2024,0.0015
2023-08-14,17,1,2024,0.0005
2023-08-14,18,3,2024,0.0015
2023-08-14,20,2,2024,0.001
2023-08-14,23,1,2024,0.0005
2023-08-14,24,2,2024,0.001
2023-08-14,26,1,2024,0.0005
2023-08-21,0,58,2043,0.0284
2023-08-21,1,124,2043,0.0607
2023-08-21,2,90,2043,0.0441
2023-08-21,3,66,2043,0.0323
2023-08-21,4,57,2043,0.0279
2023-08-21,5,45,2043,0.022
2023-08-21,6,46,2043,0.0225
2023-08-21,7,34,2043,0.0166
2023-08-21,8,26,2043,0.0127
2023-08-21,9,17,2043,0.0083
2023-08-21,10,13,2043,0.0064
2023-08-21,11,15,2043,0.0073
2023-08-21,12,15,2043,0.0073
2023-08-21,13,6,2043,0.0029
2023-08-21,14,6,2043,0.0029
2023-08-21,15,3,2043,0.0015
2023-08-21,16,1,2043,0.0005
2023-08-21,17,4,2043,0.002
2023-08-21,18,1,2043,0.0005
2023-08-21,19,2,2043,0.001
2023-08-21,20,4,2043,0.002
2023-08-21,23,1,2043,0.0005
2023-08-28,0,56,2008,0.0279
2023-08-28,1,98,2008,0.0488
2023-08-28,2,73,2008,0.0364
2023-08-28,3,57,2008,0.0284
2023-08-28,4,55,2008,0.0274
2023-08-28,5,40,2008,0.0199
2023-08-28,6,30,2008,0.0149
2023-08-28,7,20,2008,0.01
2023-08-28,8,23,2008,0.0115
2023-08-28,9,16,2008,0.008
2023-08-28,10,10,2008,0.005
2023-08-28,11,3,2008,0.0015
2023-08-28,12,9,2008,0.0045
2023-08-28,13,5,2008,0.0025
2023-08-28,14,3,2008,0.0015
2023-08-28,15,5,2008,0.0025
2023-08-28,16,9,2008,0.0045
2023-08-28,17,5,2008,0.0025
2023-08-28,18,4,2008,0.002
2023-08-28,20,3,2008,0.0015
2023-08-28,21,2,2008,0.001
2023-08-28,22,1,2008,0.0005
2023-09-04,0,62,2030,0.0305
2023-09-04,1,91,2030,0.0448
2023-09-04,2,81,2030,0.0399
2023-09-04,3,66,2030,0.0325
2023-09-04,4,54,2030,0.0266
2023-09-04,5,38,2030,0.0187
2023-09-04,6,34,2030,0.0167
2023-09-04,7,26,2030,0.0128
2023-09-04,8,22,2030,0.0108
2023-09-04,9,15,2030,0.0074
2023-09-04,10,11,2030,0.0054
2023-09-04,11,5,2030,0.0025
2023-09-04,12,8,2030,0.0039
2023-09-04,13,8,2030,0.0039
2023-09-04,14,8,2030,0.0039
2023-09-04,15,6,2030,0.003
2023-09-04,16,2,2030,0.001
2023-09-04,17,4,2030,0.002
2023-09-04,18,1,2030,0.0005
2023-09-04,19,1,2030,0.0005
2023-09-04,20,1,2030,0.0005
2023-09-04,21,1,2030,0.0005
2023-09-04,35,1,2030,0.0005
2023-09-11,0,74,1984,0.0373
2023-09-11,1,90,1984,0.0454
2023-09-11,2,78,1984,0.0393
2023-09-11,3,44,1984,0.0222
2023-09-11,4,36,1984,0.0181
2023-09-11,5,37,1984,0.0186
2023-09-11,6,30,1984,0.0151
2023-09-11,7,23,1984,0.0116
2023-09-11,8,15,1984,0.0076
2023-09-11,9,15,1984,0.0076
2023-09-11,10,8,1984,0.004
2023-09-11,11,8,1984,0.004
2023-09-11,12,8,1984,0.004
2023-09-11,13,12,1984,0.006
2023-09-11,14,6,1984,0.003
2023-09-11,15,3,1984,0.0015
2023-09-11,16,3,1984,0.0015
2023-09-11,17,2,1984,0.001
2023-09-11,18,3,1984,0.0015
2023-09-11,19,1,1984,0.0005
2023-09-11,21,1,1984,0.0005
2023-09-11,26,1,1984,0.0005
2023-09-18,0,74,2030,0.0365
2023-09-18,1,77,2030,0.0379
2023-09-18,2,64,2030,0.0315
2023-09-18,3,61,2030,0.03
2023-09-18,4,49,2030,0.0241
2023-09-18,5,45,2030,0.0222
2023-09-18,6,32,2030,0.0158
2023-09-18,7,26,2030,0.0128
2023-09-18,8,24,2030,0.0118
2023-09-18,9,23,2030,0.0113
2023-09-18,10,17,2030,0.0084
2023-09-18,11,5,2030,0.0025
2023-09-18,12,6,2030,0.003
2023-09-18,13,6,2030,0.003
2023-09-18,14,3,2030,0.0015
2023-09-18,15,5,2030,0.0025
2023-09-18,16,3,2030,0.0015
2023-09-18,17,1,2030,0.0005
2023-09-18,18,4,2030,0.002
2023-09-18,19,1,2030,0.0005
2023-09-18,22,1,2030,0.0005
2023-09-18,23,2,2030,0.001
2023-09-18,24,1,2030,0.0005
2023-09-18,25,1,2030,0.0005
2023-09-18,26,1,2030,0.0005
2023-09-25,0,73,2103,0.0347
2023-09-25,1,110,2103,0.0523
2023-09-25,2,94,2103,0.0447
2023-09-25,3,77,2103,0.0366
2023-09-25,4,60,2103,0.0285
2023-09-25,5,44,2103,0.0209
2023-09-25,6,33,2103,0.0157
2023-09-25,7,37,2103,0.0176
2023-09-25,8,19,2103,0.009
2023-09-25,9,11,2103,0.0052
2023-09-25,10,16,2103,0.0076
2023-09-25,11,3,2103,0.0014
2023-09-25,12,13,2103,0.0062
2023-09-25,13,4,2103,0.0019
2023-09-25,14,2,2103,0.001
2023-09-25,16,3,2103,0.0014
2023-09-25,17,5,2103,0.0024
2023-09-25,18,1,2103,0.0005
2023-09-25,20,2,2103,0.001
2023-09-25,23,1,2103,0.0005
2023-09-25,27,1,2103,0.0005
2023-09-25,29,1,2103,0.0005
2023-09-25,30,1,2103,0.0005
2023-10-02,0,53,1989,0.0266
2023-10-02,1,90,1989,0.0452
2023-10-02,2,76,1989,0.0382
2023-10-02,3,53,1989,0.0266
2023-10-02,4,39,1989,0.0196
2023-10-02,5,39,1989,0.0196
2023-10-02,6,33,1989,0.0166
2023-10-02,7,30,1989,0.0151
2023-10-02,8,21,1989,0.0106
2023-10-02,9,24,1989,0.0121
2023-10-02,10,12,1989,0.006
2023-10-02,11,17,1989,0.0085
2023-10-02,12,6,1989,0.003
2023-10-02,13,8,1989,0.004
2023-10-02,14,4,1989,0.002
2023-10-02,15,3,1989,0.0015
2023-10-02,17,3,1989,0.0015
2023-10-02,18,1,1989,0.0005
2023-10-02,19,3,1989,0.0015
2023-10-02,20,1,1989,0.0005
2023-10-02,21,1,1989,0.0005
2023-10-02,22,2,1989,0.001
2023-10-02,33,1,1989,0.0005
2023-10-09,0,69,2044,0.0338
2023-10-09,1,111,2044,0.0543
2023-10-09,2,79,2044,0.0386
2023-10-09,3,72,2044,0.0352
2023-10-09,4,47,2044,0.023
2023-10-09,5,41,2044,0.0201
2023-10-09,6,29,2044,0.0142
2023-10-09,7,23,2044,0.0113
2023-10-09,8,25,2044,0.0122
2023-10-09,9,11,2044,0.0054
2023-10-09,10,15,2044,0.0073
2023-10-09,11,10,2044,0.0049
2023-10-09,12,6,2044,0.0029
2023-10-09,13,1,2044,0.0005
2023-10-09,14,5,2044,0.0024
2023-10-09,15,6,2044,0.0029
2023-10-09,16,2,2044,0.001
2023-10-09,17,1,2044,0.0005
2023-10-09,18,2,2044,0.001
2023-10-09,19,2,2044,0.001
2023-10-09,24,1,2044,0.0005
2023-10-16,0,83,2082,0.0399
2023-10-16,1,100,2082,0.048
2023-10-16,2,82,2082,0.0394
2023-10-16,3,56,2082,0.0269
2023-10-16,4,52,2082,0.025
2023-10-16,5,43,2082,0.0207
2023-10-16,6,19,2082,0.0091
2023-10-16,7,32,2082,0.0154
2023-10-16,8,24,2082,0.0115
2023-10-16,9,18,2082,0.0086
2023-10-16,10,12,2082,0.0058
2023-10-16,11,14,2082,0.0067
2023-10-16,12,6,2082,0.0029
2023-10-16,13,7,2082,0.0034
2023-10-16,14,3,2082,0.0014
2023-10-16,15,6,2082,0.0029
2023-10-16,16,6,2082,0.0029
2023-10-16,17,2,2082,0.001
2023-10-16,18,5,2082,0.0024
2023-10-16,19,5,2082,0.0024
2023-10-16,20,1,2082,0.0005
2023-10-16,21,2,2082,0.001
2023-10-16,27,1,2082,0.0005
2023-10-16,38,1,2082,0.0005
2023-10-23,0,63,1992,0.0316
2023-10-23,1,87,1992,0.0437
2023-10-23,2,69,1992,0.0346
2023-10-23,3,54,1992,0.0271
2023-10-23,4,43,1992,0.0216
2023-10-23,5,34,1992,0.0171
2023-10-23,6,37,1992,0.0186
2023-10-23,7,19,1992,0.0095
2023-10-23,8,19,1992,0.0095
2023-10-23,9,19,1992,0.0095
2023-10-23,10,13,1992,0.0065
2023-10-23,11,10,1992,0.005
2023-10-23,12,9,1992,0.0045
2023-10-23,13,9,1992,0.0045
2023-10-23,14,5,1992,0.0025
2023-10-23,15,1,1992,0.0005
2023-10-23,16,3,1992,0.0015
2023-10-23,17,2,1992,0.001
2023-10-23,18,2,1992,0.001
2023-10-23,20,3,1992,0.0015
2023-10-23,21,1,1992,0.0005
2023-10-23,22,3,1992,0.0015
2023-10-23,24,1,1992,0.0005
2023-10-23,27,1,1992,0.0005
2023-10-30,0,73,1951,0.0374
2023-10-30,1,73,1951,0.0374
2023-10-30,2,70,1951,0.0359
2023-10-30,3,64,1951,0.0328
2023-10-30,4,57,1951,0.0292
2023-10-30,5,36,1951,0.0185
2023-10-30,6,30,1951,0.0154
2023-10-30,7,17,1951,0.0087
2023-10-30,8,16,1951,0.0082
2023-10-30,9,15,1951,0.0077
2023-10-30,10,13,1951,0.0067
2023-10-30,11,14,1951,0.0072
2023-10-30,12,6,1951,0.0031
2023-10-30,13,9,1951,0.0046
2023-10-30,14,3,1951,0.0015
2023-10-30,15,3,1951,0.0015
2023-10-30,16,3,1951,0.0015
2023-10-30,17,3,1951,0.0015
2023-10-30,18,2,1951,0.001
2023-10-30,19,1,1951,0.0005
2023-10-30,20,4,1951,0.0021
2023-10-30,21,1,1951,0.0005
2023-10-30,22,2,1951,0.001
2023-10-30,23,1,1951,0.0005
2023-10-30,24,1,1951,0.0005
2023-10-30,25,3,1951,0.0015
2023-10-30,26,1,1951,0.0005
2023-11-06,0,62,1886,0.0329
2023-11-06,1,92,1886,0.0488
2023-11-06,2,61,1886,0.0323
2023-11-06,3,56,1886,0.0297
2023-11-06,4,37,1886,0.0196
2023-11-06,5,34,1886,0.018
2023-11-06,6,27,1886,0.0143
2023-11-06,7,17,1886,0.009
2023-11-06,8,19,1886,0.0101
2023-11-06,9,18,1886,0.0095
2023-11-06,10,12,1886,0.0064
2023-11-06,11,9,1886,0.0048
2023-11-06,12,3,1886,0.0016
2023-11-06,13,5,1886,0.0027
2023-11-06,14,2,1886,0.0011
2023-11-06,15,4,1886,0.0021
2023-11-06,17,2,1886,0.0011
2023-11-06,18,3,1886,0.0016
2023-11-06,19,2,1886,0.0011
2023-11-06,20,1,1886,0.0005
2023-11-06,22,1,1886,0.0005
2023-11-06,25,1,1886,0.0005
2023-11-13,0,68,1915,0.0355
2023-11-13,1,93,1915,0.0486
2023-11-13,2,69,1915,0.036
2023-11-13,3,57,1915,0.0298
2023-11-13,4,51,1915,0.0266
2023-11-13,5,40,1915,0.0209
2023-11-13,6,31,1915,0.0162
2023-11-13,7,27,1915,0.0141
2023-11-13,8,14,1915,0.0073
2023-11-13,9,15,1915,0.0078
2023-11-13,10,14,1915,0.0073
2023-11-13,11,7,1915,0.0037
2023-11-13,12,7,1915,0.0037
2023-11-13,13,8,1915,0.0042
2023-11-13,14,6,1915,0.0031
2023-11-13,15,1,1915,0.0005
2023-11-13,16,2,1915,0.001
2023-11-13,18,1,1915,0.0005
2023-11-13,19,1,1915,0.0005
2023-11-13,20,1,1915,0.0005
2023-11-13,21,1,1915,0.0005
2023-11-13,24,1,1915,0.0005
2023-11-13,29,1,1915,0.0005
2023-11-20,0,51,1885,0.0271
2023-11-20,1,107,1885,0.0568
2023-11-20,2,76,1885,0.0403
2023-11-20,3,70,1885,0.0371
2023-11-20,4,50,1885,0.0265
2023-11-20,5,34,1885,0.018
2023-11-20,6,21,1885,0.0111
2023-11-20,7,27,1885,0.0143
2023-11-20,8,27,1885,0.0143
2023-11-20,9,15,1885,0.008
2023-11-20,10,11,1885,0.0058
2023-11-20,11,13,1885,0.0069
2023-11-20,12,3,1885,0.0016
2023-11-20,13,7,1885,0.0037
2023-11-20,14,9,1885,0.0048
2023-11-20,15,2,1885,0.0011
2023-11-20,16,1,1885,0.0005
2023-11-20,17,3,1885,0.0016
2023-11-20,18,1,1885,0.0005
2023-11-20,20,3,1885,0.0016
2023-11-20,21,4,1885,0.0021
2023-11-20,23,2,1885,0.0011
2023-11-20,31,1,1885,0.0005
2023-11-27,0,65,1871,0.0347
2023-11-27,1,92,1871,0.0492
2023-11-27,2,71,1871,0.0379
2023-11-27,3,60,1871,0.0321
2023-11-27,4,50,1871,0.0267
2023-11-27,5,38,1871,0.0203
2023-11-27,6,31,1871,0.0166
2023-11-27,7,33,1871,0.0176
2023-11-27,8,22,1871,0.0118
2023-11-27,9,16,1871,0.0086
2023-11-27,10,6,1871,0.0032
2023-11-27,11,11,1871,0.0059
2023-11-27,12,6,1871,0.0032
2023-11-27,13,5,1871,0.0027
2023-11-27,14,4,1871,0.0021
2023-11-27,15,7,1871,0.0037
2023-11-27,16,4,1871,0.0021
2023-11-27,17,1,1871,0.0005
2023-11-27,18,3,1871,0.0016
2023-11-27,19,2,1871,0.0011
2023-11-27,20,1,1871,0.0005
2023-11-27,21,1,1871,0.0005
2023-11-27,23,1,1871,0.0005
2023-11-27,24,1,1871,0.0005
2023-12-04,0,49,1816,0.027
2023-12-04,1,84,1816,0.0463
2023-12-04,2,75,1816,0.0413
2023-12-04,3,51,1816,0.0281
2023-12-04,4,40,1816,0.022
2023-12-04,5,47,1816,0.0259
2023-12-04,6,27,1816,0.0149
2023-12-04,7,26,1816,0.0143
2023-12-04,8,16,1816,0.0088
2023-12-04,9,6,1816,0.0033
2023-12-04,10,9,1816,0.005
2023-12-04,11,11,1816,0.0061
2023-12-04,12,6,1816,0.0033
2023-12-04,13,5,1816,0.0028
2023-12-04,14,4,1816,0.0022
2023-12-04,15,1,1816,0.0006
2023-12-04,16,4,1816,0.0022
2023-12-04,17,3,1816,0.0017
2023-12-04,18,4,1816,0.0022
2023-12-04,19,1,1816,0.0006
2023-12-04,20,1,1816,0.0006
2023-12-04,21,1,1816,0.0006
2023-12-04,22,2,1816,0.0011
2023-12-04,24,1,1816,0.0006
2023-12-11,0,56,1772,0.0316
2023-12-11,1,71,1772,0.0401
2023-12-11,2,65,1772,0.0367
2023-12-11,3,50,1772,0.0282
2023-12-11,4,39,1772,0.022
2023-12-11,5,40,1772,0.0226
2023-12-11,6,31,1772,0.0175
2023-12-11,7,20,1772,0.0113
2023-12-11,8,14,1772,0.0079
2023-12-11,9,15,1772,0.0085
2023-12-11,10,8,1772,0.0045
2023-12-11,11,5,1772,0.0028
2023-12-11,12,9,1772,0.0051
2023-12-11,13,4,1772,0.0023
2023-12-11,14,2,1772,0.0011
2023-12-11,15,2,1772,0.0011
2023-12-11,16,3,1772,0.0017
2023-12-11,17,3,1772,0.0017
2023-12-11,18,4,1772,0.0023
2023-12-11,19,2,1772,0.0011
2023-12-11,20,1,1772,0.0006
2023-12-11,21,1,1772,0.0006
2023-12-18,0,51,1709,0.0298
2023-12-18,1,80,1709,0.0468
2023-12-18,2,75,1709,0.0439
2023-12-18,3,55,1709,0.0322
2023-12-18,4,40,1709,0.0234
2023-12-18,5,35,1709,0.0205
2023-12-18,6,27,1709,0.0158
2023-12-18,7,21,1709,0.0123
2023-12-18,8,13,1709,0.0076
2023-12-18,9,12,1709,0.007
2023-12-18,10,13,1709,0.0076
2023-12-18,11,13,1709,0.0076
2023-12-18,12,6,1709,0.0035
2023-12-18,13,4,1709,0.0023
2023-12-18,14,6,1709,0.0035
2023-12-18,15,3,1709,0.0018
2023-12-18,16,4,1709,0.0023
2023-12-18,17,5,1709,0.0029
2023-12-18,18,3,1709,0.0018
2023-12-18,19,1,1709,0.0006
2023-12-18,20,2,1709,0.0012
2023-12-18,22,1,1709,0.0006
2023-12-25,0,69,1765,0.0391
2023-12-25,1,84,1765,0.0476
2023-12-25,2,65,1765,0.0368
2023-12-25,3,46,1765,0.0261
2023-12-25,4,51,1765,0.0289
2023-12-25,5,33,1765,0.0187
2023-12-25,6,27,1765,0.0153
2023-12-25,7,17,1765,0.0096
2023-12-25,8,21,1765,0.0119
2023-12-25,9,16,1765,0.0091
2023-12-25,10,4,1765,0.0023
2023-12-25,11,9,1765,0.0051
2023-12-25,12,5,1765,0.0028
2023-12-25,13,3,1765,0.0017
2023-12-25,14,3,1765,0.0017
2023-12-25,15,2,1765,0.0011
2023-12-25,16,4,1765,0.0023
2023-12-25,17,1,1765,0.0006
2023-12-25,19,2,1765,0.0011
2023-12-25,20,2,1765,0.0011
2023-12-25,22,1,1765,0.0006
2023-12-25,25,1,1765,0.0006
2024-01-01,0,54,1749,0.0309
2024-01-01,1,86,1749,0.0492
2024-01-01,2,74,1749,0.0423
2024-01-01,3,44,1749,0.0252
2024-01-01,4,36,1749,0.0206
2024-01-01,5,44,1749,0.0252
2024-01-01,6,27,1749,0.0154
2024-01-01,7,23,1749,0.0132
2024-01-01,8,15,1749,0.0086
2024-01-01,9,15,1749,0.0086
2024-01-01,10,11,1749,0.0063
2024-01-01,11,15,1749,0.0086
2024-01-01,12,5,1749,0.0029
2024-01-01,13,9,1749,0.0051
2024-01-01,14,3,1749,0.0017
2024-01-01,15,3,1749,0.0017
2024-01-01,16,3,1749,0.0017
2024-01-01,17,2,1749,0.0011
2024-01-01,19,2,1749,0.0011
2024-01-01,20,1,1749,0.0006
2024-01-01,21,1,1749,0.0006
2024-01-01,22,2,1749,0.0011
2024-01-08,0,44,1637,0.0269
2024-01-08,1,57,1637,0.0348
2024-01-08,2,80,1637,0.0489
2024-01-08,3,45,1637,0.0275
2024-01-08,4,31,1637,0.0189
2024-01-08,5,18,1637,0.011
2024-01-08,6,22,1637,0.0134
2024-01-08,7,23,1637,0.0141
2024-01-08,8,14,1637,0.0086
2024-01-08,9,8,1637,0.0049
2024-01-08,10,7,1637,0.0043
2024-01-08,11,8,1637,0.0049
2024-01-08,12,8,1637,0.0049
2024-01-08,13,9,1637,0.0055
2024-01-08,14,4,1637,0.0024
2024-01-08,15,3,1637,0.0018
2024-01-08,16,2,1637,0.0012
2024-01-08,17,2,1637,0.0012
2024-01-08,18,2,1637,0.0012
2024-01-08,20,3,1637,0.0018
2024-01-08,21,1,1637,0.0006
2024-01-08,22,1,1637,0.0006
2024-01-08,24,1,1637,0.0006
2024-01-08,28,1,1637,0.0006
2024-01-15,0,54,1609,0.0336
2024-01-15,1,78,1609,0.0485
2024-01-15,2,64,1609,0.0398
2024-01-15,3,54,1609,0.0336
2024-01-15,4,33,1609,0.0205
2024-01-15,5,32,1609,0.0199
2024-01-15,6,27,1609,0.0168
2024-01-15,7,20,1609,0.0124
2024-01-15,8,14,1609,0.0087
2024-01-15,9,12,1609,0.0075
2024-01-15,10,12,1609,0.0075
2024-01-15,11,5,1609,0.0031
2024-01-15,12,8,1609,0.005
2024-01-15,13,3,1609,0.0019
2024-01-15,14,6,1609,0.0037
2024-01-15,15,2,1609,0.0012
2024-01-15,16,3,1609,0.0019
2024-01-15,17,3,1609,0.0019
2024-01-15,18,1,1609,0.0006
2024-01-15,19,2,1609,0.0012
2024-01-15,20,1,1609,0.0006
2024-01-15,31,1,1609,0.0006
2024-01-22,0,56,1631,0.0343
2024-01-22,1,79,1631,0.0484
2024-01-22,2,79,1631,0.0484
2024-01-22,3,56,1631,0.0343
2024-01-22,4,35,1631,0.0215
2024-01-22,5,30,1631,0.0184
2024-01-22,6,27,1631,0.0166
2024-01-22,7,13,1631,0.008
2024-01-22,8,19,1631,0.0116
2024-01-22,9,17,1631,0.0104
2024-01-22,10,5,1631,0.0031
2024-01-22,11,8,1631,0.0049
2024-01-22,12,8,1631,0.0049
2024-01-22,13,4,1631,0.0025
2024-01-22,14,4,1631,0.0025
2024-01-22,15,5,1631,0.0031
2024-01-22,16,2,1631,0.0012
2024-01-22,17,1,1631,0.0006
2024-01-22,18,3,1631,0.0018
2024-01-22,19,1,1631,0.0006
2024-01-22,20,1,1631,0.0006
2024-01-22,24,1,1631,0.0006
2024-01-29,0,51,1570,0.0325
2024-01-29,1,77,1570,0.049
2024-01-29,2,58,1570,0.0369
2024-01-29,3,51,1570,0.0325
2024-01-29,4,24,1570,0.0153
2024-01-29,5,30,1570,0.0191
2024-01-29,6,25,1570,0.0159
2024-01-29,7,17,1570,0.0108
2024-01-29,8,18,1570,0.0115
2024-01-29,9,16,1570,0.0102
2024-01-29,10,8,1570,0.0051
2024-01-29,11,9,1570,0.0057
2024-01-29,12,7,1570,0.0045
2024-01-29,13,6,1570,0.0038
2024-01-29,14,4,1570,0.0025
2024-01-29,15,5,1570,0.0032
2024-01-29,16,1,1570,0.0006
2024-01-29,17,5,1570,0.0032
2024-01-29,18,1,1570,0.0006
2024-01-29,20,1,1570,0.0006
2024-01-29,21,1,1570,0.0006
2024-01-29,26,1,1570,0.0006
2024-01-29,28,1,1570,0.0006
2024-02-05,0,52,1576,0.033
2024-02-05,1,78,1576,0.0495
2024-02-05,2,56,1576,0.0355
2024-02-05,3,45,1576,0.0286
2024-02-05,4,34,1576,0.0216
2024-02-05,5,29,1576,0.0184
2024-02-05,6,28,1576,0.0178
2024-02-05,7,11,1576,0.007
2024-02-05,8,18,1576,0.0114
2024-02-05,9,7,1576,0.0044
2024-02-05,10,12,1576,0.0076
2024-02-05,11,7,1576,0.0044
2024-02-05,12,4,1576,0.0025
2024-02-05,13,3,1576,0.0019
2024-02-05,14,4,1576,0.0025
2024-02-05,15,3,1576,0.0019
2024-02-05,16,3,1576,0.0019
2024-02-05,17,1,1576,0.0006
2024-02-05,18,1,1576,0.0006
2024-02-05,19,3,1576,0.0019
2024-02-05,20,1,1576,0.0006
2024-02-05,30,1,1576,0.0006
2024-02-12,0,43,1462,0.0294
2024-02-12,1,68,1462,0.0465
2024-02-12,2,45,1462,0.0308
2024-02-12,3,52,1462,0.0356
2024-02-12,4,41,1462,0.028
2024-02-12,5,22,1462,0.015
2024-02-12,6,32,1462,0.0219
2024-02-12,7,15,1462,0.0103
2024-02-12,8,14,1462,0.0096
2024-02-12,9,9,1462,0.0062
2024-02-12,10,7,1462,0.0048
2024-02-12,11,3,1462,0.0021
2024-02-12,12,7,1462,0.0048
2024-02-12,13,3,1462,0.0021
2024-02-12,14,1,1462,0.0007
2024-02-12,15,1,1462,0.0007
2024-02-12,16,1,1462,0.0007
2024-02-12,18,2,1462,0.0014
2024-02-12,19,1,1462,0.0007
2024-02-12,22,1,1462,0.0007
2024-02-19,0,46,1459,0.0315
2024-02-19,1,70,1459,0.048
2024-02-19,2,52,1459,0.0356
2024-02-19,3,37,1459,0.0254
2024-02-19,4,32,1459,0.0219
2024-02-19,5,26,1459,0.0178
2024-02-19,6,31,1459,0.0212
2024-02-19,7,22,1459,0.0151
2024-02-19,8,13,1459,0.0089
2024-02-19,9,14,1459,0.0096
2024-02-19,10,6,1459,0.0041
2024-02-19,11,6,1459,0.0041
2024-02-19,12,5,1459,0.0034
2024-02-19,13,5,1459,0.0034
2024-02-19,14,2,1459,0.0014
2024-02-19,15,4,1459,0.0027
2024-02-19,16,3,1459,0.0021
2024-02-19,17,1,1459,0.0007
2024-02-19,18,2,1459,0.0014
2024-02-19,22,1,1459,0.0007
2024-02-19,24,1,1459,0.0007
2024-02-19,26,1,1459,0.0007
2024-02-26,0,37,1402,0.0264
2024-02-26,1,61,1402,0.0435
2024-02-26,2,56,1402,0.0399
2024-02-26,3,36,1402,0.0257
2024-02-26,4,25,1402,0.0178
2024-02-26,5,17,1402,0.0121
2024-02-26,6,18,1402,0.0128
2024-02-26,7,14,1402,0.01
2024-02-26,8,12,1402,0.0086
2024-02-26,9,9,1402,0.0064
2024-02-26,10,3,1402,0.0021
2024-02-26,11,2,1402,0.0014
2024-02-26,12,3,1402,0.0021
2024-02-26,13,7,1402,0.005
2024-02-26,14,1,1402,0.0007
2024-02-26,17,2,1402,0.0014
2024-02-26,19,2,1402,0.0014
2024-02-26,23,1,1402,0.0007
2024-02-26,24,1,1402,0.0007
2024-02-26,25,1,1402,0.0007
2024-02-26,26,1,1402,0.0007
2024-03-04,0,51,1337,0.0381
2024-03-04,1,78,1337,0.0583
2024-03-04,2,63,1337,0.0471
2024-03-04,3,36,1337,0.0269
2024-03-04,4,40,1337,0.0299
2024-03-04,5,33,1337,0.0247
2024-03-04,6,17,1337,0.0127
2024-03-04,7,21,1337,0.0157
2024-03-04,8,7,1337,0.0052
2024-03-04,9,10,1337,0.0075
2024-03-04,10,9,1337,0.0067
2024-03-04,11,6,1337,0.0045
2024-03-04,12,8,1337,0.006
2024-03-04,13,4,1337,0.003
2024-03-04,14,3,1337,0.0022
2024-03-04,15,2,1337,0.0015
2024-03-04,16,4,1337,0.003
2024-03-04,17,2,1337,0.0015
2024-03-04,18,5,1337,0.0037
2024-03-04,19,1,1337,0.0007
2024-03-04,21,1,1337,0.0007
2024-03-04,22,1,1337,0.0007
2024-03-04,30,1,1337,0.0007
2024-03-11,0,42,1307,0.0321
2024-03-11,1,63,1307,0.0482
2024-03-11,2,48,1307,0.0367
2024-03-11,3,35,1307,0.0268
2024-03-11,4,34,1307,0.026
2024-03-11,5,25,1307,0.0191
2024-03-11,6,37,1307,0.0283
2024-03-11,7,17,1307,0.013
2024-03-11,8,17,1307,0.013
2024-03-11,9,8,1307,0.0061
2024-03-11,10,10,1307,0.0077
2024-03-11,11,6,1307,0.0046
2024-03-11,12,7,1307,0.0054
2024-03-11,13,4,1307,0.0031
2024-03-11,14,4,1307,0.0031
2024-03-11,15,4,1307,0.0031
2024-03-11,16,4,1307,0.0031
2024-03-11,18,3,1307,0.0023
2024-03-11,20,3,1307,0.0023
2024-03-11,21,3,1307,0.0023
2024-03-18,0,49,1286,0.0381
2024-03-18,1,48,1286,0.0373
2024-03-18,2,47,1286,0.0365
2024-03-18,3,41,1286,0.0319
2024-03-18,4,33,1286,0.0257
2024-03-18,5,19,1286,0.0148
2024-03-18,6,20,1286,0.0156
2024-03-18,7,23,1286,0.0179
2024-03-18,8,15,1286,0.0117
2024-03-18,9,5,1286,0.0039
2024-03-18,10,8,1286,0.0062
2024-03-18,11,6,1286,0.0047
2024-03-18,12,8,1286,0.0062
2024-03-18,13,3,1286,0.0023
2024-03-18,14,1,1286,0.0008
2024-03-18,15,4,1286,0.0031
2024-03-18,16,4,1286,0.0031
2024-03-18,18,2,1286,0.0016
2024-03-18,19,1,1286,0.0008
2024-03-18,20,4,1286,0.0031
2024-03-18,21,2,1286,0.0016
2024-03-25,0,45,1255,0.0359
2024-03-25,1,57,1255,0.0454
2024-03-25,2,41,1255,0.0327
2024-03-25,3,48,1255,0.0382
2024-03-25,4,35,1255,0.0279
2024-03-25,5,27,1255,0.0215
2024-03-25,6,16,1255,0.0127
2024-03-25,7,14,1255,0.0112
2024-03-25,8,8,1255,0.0064
2024-03-25,9,15,1255,0.012
2024-03-25,10,15,1255,0.012
2024-03-25,11,5,1255,0.004
2024-03-25,12,4,1255,0.0032
2024-03-25,13,6,1255,0.0048
2024-03-25,14,3,1255,0.0024
2024-03-25,15,3,1255,0.0024
2024-03-25,16,1,1255,0.0008
2024-03-25,17,1,1255,0.0008
2024-03-25,18,1,1255,0.0008
2024-03-25,19,2,1255,0.0016
2024-03-25,22,1,1255,0.0008
2024-04-01,0,33,1181,0.0279
2024-04-01,1,61,1181,0.0517
2024-04-01,2,39,1181,0.033
2024-04-01,3,28,1181,0.0237
2024-04-01,4,23,1181,0.0195
2024-04-01,5,12,1181,0.0102
2024-04-01,6,20,1181,0.0169
2024-04-01,7,16,1181,0.0135
2024-04-01,8,10,1181,0.0085
2024-04-01,9,11,1181,0.0093
2024-04-01,10,9,1181,0.0076
2024-04-01,11,1,1181,0.0008
2024-04-01,12,3,1181,0.0025
2024-04-01,13,2,1181,0.0017
2024-04-01,14,3,1181,0.0025
2024-04-01,16,4,1181,0.0034
2024-04-01,23,1,1181,0.0008
2024-04-01,24,2,1181,0.0017
2024-04-01,26,1,1181,0.0008
2024-04-01,27,1,1181,0.0008
2024-04-01,31,1,1181,0.0008
2024-04-08,0,31,1112,0.0279
2024-04-08,1,50,1112,0.045
2024-04-08,2,50,1112,0.045
2024-04-08,3,30,1112,0.027
2024-04-08,4,30,1112,0.027
2024-04-08,5,25,1112,0.0225
2024-04-08,6,17,1112,0.0153
2024-04-08,7,10,1112,0.009
2024-04-08,8,6,1112,0.0054
2024-04-08,9,3,1112,0.0027
2024-04-08,10,7,1112,0.0063
2024-04-08,11,10,1112,0.009
2024-04-08,12,3,1112,0.0027
2024-04-08,13,5,1112,0.0045
2024-04-08,14,1,1112,0.0009
2024-04-08,15,1,1112,0.0009
2024-04-08,16,3,1112,0.0027
2024-04-08,17,1,1112,0.0009
2024-04-08,18,2,1112,0.0018
2024-04-08,19,1,1112,0.0009
2024-04-08,20,2,1112,0.0018
2024-04-08,22,1,1112,0.0009
2024-04-08,28,1,1112,0.0009
2024-04-15,0,38,1122,0.0339
2024-04-15,1,49,1122,0.0437
2024-04-15,2,61,1122,0.0544
2024-04-15,3,40,1122,0.0357
2024-04-15,4,21,1122,0.0187
2024-04-15,5,37,1122,0.033
2024-04-15,6,20,1122,0.0178
2024-04-15,7,13,1122,0.0116
2024-04-15,8,13,1122,0.0116
2024-04-15,9,9,1122,0.008
2024-04-15,10,6,1122,0.0053
2024-04-15,11,6,1122,0.0053
2024-04-15,12,3,1122,0.0027
2024-04-15,13,3,1122,0.0027
2024-04-15,14,1,1122,0.0009
2024-04-15,15,3,1122,0.0027
2024-04-15,16,2,1122,0.0018
2024-04-15,17,3,1122,0.0027
2024-04-15,20,1,1122,0.0009
2024-04-15,22,1,1122,0.0009
2024-04-15,23,1,1122,0.0009
2024-04-15,25,1,1122,0.0009
2024-04-22,0,36,1073,0.0336
2024-04-22,1,51,1073,0.0475
2024-04-22,2,31,1073,0.0289
2024-04-22,3,32,1073,0.0298
2024-04-22,4,41,1073,0.0382
2024-04-22,5,25,1073,0.0233
2024-04-22,6,22,1073,0.0205
2024-04-22,7,12,1073,0.0112
2024-04-22,8,10,1073,0.0093
2024-04-22,9,8,1073,0.0075
2024-04-22,10,6,1073,0.0056
2024-04-22,11,2,1073,0.0019
2024-04-22,12,5,1073,0.0047
2024-04-22,13,6,1073,0.0056
2024-04-22,14,2,1073,0.0019
2024-04-22,15,1,1073,0.0009
2024-04-22,17,1,1073,0.0009
2024-04-22,18,2,1073,0.0019
2024-04-22,20,1,1073,0.0009
2024-04-22,26,1,1073,0.0009
2024-04-29,0,43,1036,0.0415
2024-04-29,1,41,1036,0.0396
2024-04-29,2,32,1036,0.0309
2024-04-29,3,38,1036,0.0367
2024-04-29,4,20,1036,0.0193
2024-04-29,5,19,1036,0.0183
2024-04-29,6,10,1036,0.0097
2024-04-29,7,14,1036,0.0135
2024-04-29,8,9,1036,0.0087
2024-04-29,9,14,1036,0.0135
2024-04-29,10,7,1036,0.0068
2024-04-29,11,5,1036,0.0048
2024-04-29,12,6,1036,0.0058
2024-04-29,13,4,1036,0.0039
2024-04-29,15,4,1036,0.0039
2024-04-29,16,4,1036,0.0039
2024-04-29,20,1,1036,0.001
2024-04-29,21,2,1036,0.0019
2024-04-29,22,1,1036,0.001
2024-04-29,23,1,1036,0.001
2024-04-29,26,1,1036,0.001
2024-05-06,0,32,1006,0.0318
2024-05-06,1,49,1006,0.0487
2024-05-06,2,42,1006,0.0417
2024-05-06,3,36,1006,0.0358
2024-05-06,4,24,1006,0.0239
2024-05-06,5,18,1006,0.0179
2024-05-06,6,19,1006,0.0189
2024-05-06,7,12,1006,0.0119
2024-05-06,8,6,1006,0.006
2024-05-06,9,9,1006,0.0089
2024-05-06,10,5,1006,0.005
2024-05-06,11,3,1006,0.003
2024-05-06,12,4,1006,0.004
2024-05-06,13,4,1006,0.004
2024-05-06,15,3,1006,0.003
2024-05-06,16,2,1006,0.002
2024-05-06,17,3,1006,0.003
2024-05-06,18,2,1006,0.002
2024-05-06,25,1,1006,0.001
2024-05-06,26,2,1006,0.002
2024-05-13,0,23,921,0.025
2024-05-13,1,43,921,0.0467
2024-05-13,2,33,921,0.0358
2024-05-13,3,32,921,0.0347
2024-05-13,4,23,921,0.025
2024-05-13,5,26,921,0.0282
2024-05-13,6,16,921,0.0174
2024-05-13,7,8,921,0.0087
2024-05-13,8,9,921,0.0098
2024-05-13,9,5,921,0.0054
2024-05-13,10,6,921,0.0065
2024-05-13,11,6,921,0.0065
2024-05-13,12,4,921,0.0043
2024-05-13,13,2,921,0.0022
2024-05-13,15,2,921,0.0022
2024-05-13,17,1,921,0.0011
2024-05-13,21,1,921,0.0011
2024-05-13,26,1,921,0.0011
2024-05-20,0,32,922,0.0347
2024-05-20,1,47,922,0.051
2024-05-20,2,30,922,0.0325
2024-05-20,3,24,922,0.026
2024-05-20,4,25,922,0.0271
2024-05-20,5,17,922,0.0184
2024-05-20,6,13,922,0.0141
2024-05-20,7,9,922,0.0098
2024-05-20,8,11,922,0.0119
2024-05-20,9,8,922,0.0087
2024-05-20,10,10,922,0.0108
2024-05-20,11,6,922,0.0065
2024-05-20,12,1,922,0.0011
2024-05-20,13,5,922,0.0054
2024-05-20,14,3,922,0.0033
2024-05-20,15,2,922,0.0022
2024-05-20,17,2,922,0.0022
2024-05-20,18,1,922,0.0011
2024-05-20,22,2,922,0.0022
2024-05-20,24,1,922,0.0011
2024-05-20,25,1,922,0.0011
2024-05-20,27,1,922,0.0011
2024-05-20,30,1,922,0.0011
2024-05-27,0,19,855,0.0222
2024-05-27,1,43,855,0.0503
2024-05-27,2,23,855,0.0269
2024-05-27,3,26,855,0.0304
2024-05-27,4,27,855,0.0316
2024-05-27,5,12,855,0.014
2024-05-27,6,11,855,0.0129
2024-05-27,7,8,855,0.0094
2024-05-27,8,7,855,0.0082
2024-05-27,9,7,855,0.0082
2024-05-27,10,6,855,0.007
2024-05-27,11,4,855,0.0047
2024-05-27,13,4,855,0.0047
2024-05-27,14,1,855,0.0012
2024-05-27,15,1,855,0.0012
2024-05-27,17,1,855,0.0012
2024-05-27,18,1,855,0.0012
2024-06-03,0,22,846,0.026
2024-06-03,1,40,846,0.0473
2024-06-03,2,44,846,0.052
2024-06-03,3,23,846,0.0272
2024-06-03,4,18,846,0.0213
2024-06-03,5,18,846,0.0213
2024-06-03,6,10,846,0.0118
2024-06-03,7,5,846,0.0059
2024-06-03,8,13,846,0.0154
2024-06-03,9,2,846,0.0024
2024-06-03,10,6,846,0.0071
2024-06-03,11,3,846,0.0035
2024-06-03,12,7,846,0.0083
2024-06-03,13,7,846,0.0083
2024-06-03,16,1,846,0.0012
2024-06-03,17,1,846,0.0012
2024-06-03,19,2,846,0.0024
2024-06-03,24,1,846,0.0012
2024-06-10,0,17,713,0.0238
2024-06-10,1,41,713,0.0575
2024-06-10,2,35,713,0.0491
2024-06-10,3,26,713,0.0365
2024-06-10,4,11,713,0.0154
2024-06-10,5,16,713,0.0224
2024-06-10,6,8,713,0.0112
2024-06-10,7,13,713,0.0182
2024-06-10,8,5,713,0.007
2024-06-10,9,7,713,0.0098
2024-06-10,10,4,713,0.0056
2024-06-10,11,3,713,0.0042
2024-06-10,12,3,713,0.0042
2024-06-10,13,2,713,0.0028
2024-06-10,14,3,713,0.0042
2024-06-10,15,2,713,0.0028
2024-06-10,16,2,713,0.0028
2024-06-10,17,2,713,0.0028
2024-06-17,0,24,699,0.0343
2024-06-17,1,46,699,0.0658
2024-06-17,2,24,699,0.0343
2024-06-17,3,24,699,0.0343
2024-06-17,4,24,699,0.0343
2024-06-17,5,17,699,0.0243
2024-06-17,6,5,699,0.0072
2024-06-17,7,14,699,0.02
2024-06-17,8,4,699,0.0057
2024-06-17,9,8,699,0.0114
2024-06-17,10,2,699,0.0029
2024-06-17,11,5,699,0.0072
2024-06-17,12,3,699,0.0043
2024-06-17,13,2,699,0.0029
2024-06-17,14,1,699,0.0014
2024-06-17,15,1,699,0.0014
2024-06-17,16,2,699,0.0029
2024-06-17,17,1,699,0.0014
2024-06-17,18,1,699,0.0014
2024-06-17,19,1,699,0.0014
2024-06-17,28,1,699,0.0014
2024-06-24,0,17,686,0.0248
2024-06-24,1,32,686,0.0466
2024-06-24,2,22,686,0.0321
2024-06-24,3,17,686,0.0248
2024-06-24,4,10,686,0.0146
2024-06-24,5,23,686,0.0335
2024-06-24,6,13,686,0.019
2024-06-24,7,6,686,0.0087
2024-06-24,8,6,686,0.0087
2024-06-24,9,6,686,0.0087
2024-06-24,10,5,686,0.0073
2024-06-24,11,3,686,0.0044
2024-06-24,13,4,686,0.0058
2024-06-24,14,1,686,0.0015
2024-06-24,15,2,686,0.0029
2024-06-24,18,2,686,0.0029
2024-06-24,20,1,686,0.0015
2024-07-01,0,20,631,0.0317
2024-07-01,1,26,631,0.0412
2024-07-01,2,25,631,0.0396
2024-07-01,3,21,631,0.0333
2024-07-01,4,20,631,0.0317
2024-07-01,5,13,631,0.0206
2024-07-01,6,8,631,0.0127
2024-07-01,7,9,631,0.0143
2024-07-01,8,5,631,0.0079
2024-07-01,9,6,631,0.0095
2024-07-01,10,4,631,0.0063
2024-07-01,11,3,631,0.0048
2024-07-01,12,3,631,0.0048
2024-07-01,13,2,631,0.0032
2024-07-01,14,3,631,0.0048
2024-07-01,15,1,631,0.0016
2024-07-01,17,2,631,0.0032
2024-07-01,18,2,631,0.0032
2024-07-01,20,1,631,0.0016
2024-07-01,26,1,631,0.0016
2024-07-08,0,22,580,0.0379
2024-07-08,1,21,580,0.0362
2024-07-08,2,21,580,0.0362
2024-07-08,3,18,580,0.031
2024-07-08,4,9,580,0.0155
2024-07-08,5,9,580,0.0155
2024-07-08,6,9,580,0.0155
2024-07-08,7,9,580,0.0155
2024-07-08,8,6,580,0.0103
2024-07-08,9,5,580,0.0086
2024-07-08,10,3,580,0.0052
2024-07-08,11,3,580,0.0052
2024-07-08,13,1,580,0.0017
2024-07-08,14,2,580,0.0034
2024-07-08,17,2,580,0.0034
2024-07-08,21,1,580,0.0017
2024-07-15,0,22,544,0.0404
2024-07-15,1,21,544,0.0386
2024-07-15,2,26,544,0.0478
2024-07-15,3,16,544,0.0294
2024-07-15,4,8,544,0.0147
2024-07-15,5,13,544,0.0239
2024-07-15,6,6,544,0.011
2024-07-15,7,6,544,0.011
2024-07-15,8,6,544,0.011
2024-07-15,9,3,544,0.0055
2024-07-15,10,1,544,0.0018
2024-07-15,11,2,544,0.0037
2024-07-15,12,2,544,0.0037
2024-07-15,13,2,544,0.0037
2024-07-15,15,2,544,0.0037
2024-07-15,16,1,544,0.0018
2024-07-15,17,1,544,0.0018
2024-07-15,18,1,544,0.0018
2024-07-15,19,1,544,0.0018
2024-07-15,22,1,544,0.0018
2024-07-22,0,15,515,0.0291
2024-07-22,1,22,515,0.0427
2024-07-22,2,13,515,0.0252
2024-07-22,3,15,515,0.0291
2024-07-22,4,17,515,0.033
2024-07-22,5,9,515,0.0175
2024-07-22,6,7,515,0.0136
2024-07-22,7,6,515,0.0117
2024-07-22,8,4,515,0.0078
2024-07-22,9,3,515,0.0058
2024-07-22,10,4,515,0.0078
2024-07-22,12,3,515,0.0058
2024-07-22,14,2,515,0.0039
2024-07-22,15,2,515,0.0039
2024-07-22,16,2,515,0.0039
2024-07-22,23,1,515,0.0019
2024-07-29,0,16,462,0.0346
2024-07-29,1,26,462,0.0563
2024-07-29,2,16,462,0.0346
2024-07-29,3,18,462,0.039
2024-07-29,4,10,462,0.0216
2024-07-29,5,10,462,0.0216
2024-07-29,6,5,462,0.0108
2024-07-29,7,5,462,0.0108
2024-07-29,8,2,462,0.0043
2024-07-29,9,4,462,0.0087
2024-07-29,10,2,462,0.0043
2024-07-29,11,2,462,0.0043
2024-07-29,12,1,462,0.0022
2024-07-29,13,1,462,0.0022
2024-07-29,14,2,462,0.0043
2024-07-29,16,1,462,0.0022
2024-07-29,19,1,462,0.0022
2024-07-29,21,1,462,0.0022
2024-07-29,22,2,462,0.0043
2024-08-05,0,22,432,0.0509
2024-08-05,1,19,432,0.044
2024-08-05,2,21,432,0.0486
2024-08-05,3,14,432,0.0324
2024-08-05,4,9,432,0.0208
2024-08-05,5,4,432,0.0093
2024-08-05,6,4,432,0.0093
2024-08-05,7,6,432,0.0139
2024-08-05,8,3,432,0.0069
2024-08-05,9,7,432,0.0162
2024-08-05,11,2,432,0.0046
2024-08-05,12,1,432,0.0023
2024-08-05,14,1,432,0.0023
2024-08-05,17,1,432,0.0023
2024-08-05,18,1,432,0.0023
2024-08-12,0,9,393,0.0229
2024-08-12,1,14,393,0.0356
2024-08-12,2,18,393,0.0458
2024-08-12,3,12,393,0.0305
2024-08-12,4,8,393,0.0204
2024-08-12,5,8,393,0.0204
2024-08-12,6,7,393,0.0178
2024-08-12,7,5,393,0.0127
2024-08-12,8,4,393,0.0102
2024-08-12,9,6,393,0.0153
2024-08-12,10,3,393,0.0076
2024-08-12,11,3,393,0.0076
2024-08-12,15,1,393,0.0025
2024-08-12,19,1,393,0.0025
2024-08-19,0,13,347,0.0375
2024-08-19,1,15,347,0.0432
2024-08-19,2,11,347,0.0317
2024-08-19,3,8,347,0.0231
2024-08-19,4,8,347,0.0231
2024-08-19,5,4,347,0.0115
2024-08-19,6,4,347,0.0115
2024-08-19,7,3,347,0.0086
2024-08-19,8,2,347,0.0058
2024-08-19,9,1,347,0.0029
2024-08-19,10,2,347,0.0058
2024-08-19,12,1,347,0.0029
2024-08-19,13,3,347,0.0086
2024-08-19,14,2,347,0.0058
2024-08-19,15,1,347,0.0029
2024-08-19,16,1,347,0.0029
2024-08-26,0,10,299,0.0334
2024-08-26,1,18,299,0.0602
2024-08-26,2,13,299,0.0435
2024-08-26,3,6,299,0.0201
2024-08-26,4,5,299,0.0167
2024-08-26,5,8,299,0.0268
2024-08-26,6,4,299,0.0134
2024-08-26,7,4,299,0.0134
2024-08-26,8,2,299,0.0067
2024-08-26,9,1,299,0.0033
2024-08-26,10,1,299,0.0033
2024-08-26,11,1,299,0.0033
2024-08-26,12,2,299,0.0067
2024-08-26,14,2,299,0.0067
2024-09-02,0,9,298,0.0302
2024-09-02,1,14,298,0.047
2024-09-02,2,7,298,0.0235
2024-09-02,3,6,298,0.0201
2024-09-02,4,2,298,0.0067
2024-09-02,5,11,298,0.0369
2024-09-02,6,5,298,0.0168
2024-09-02,7,3,298,0.0101
2024-09-02,8,3,298,0.0101
2024-09-02,9,2,298,0.0067
2024-09-02,10,4,298,0.0134
2024-09-02,12,1,298,0.0034
2024-09-02,17,3,298,0.0101
2024-09-09,0,10,277,0.0361
2024-09-09,1,18,277,0.065
2024-09-09,2,12,277,0.0433
2024-09-09,3,9,277,0.0325
2024-09-09,4,6,277,0.0217
2024-09-09,5,8,277,0.0289
2024-09-09,6,2,277,0.0072
2024-09-09,7,6,277,0.0217
2024-09-09,8,4,277,0.0144
2024-09-09,9,4,277,0.0144
2024-09-09,10,3,277,0.0108
2024-09-09,13,1,277,0.0036
2024-09-09,16,2,277,0.0072
2024-09-16,0,4,218,0.0183
2024-09-16,1,8,218,0.0367
2024-09-16,2,6,218,0.0275
2024-09-16,3,4,218,0.0183
2024-09-16,4,5,218,0.0229
2024-09-16,5,4,218,0.0183
2024-09-16,6,2,218,0.0092
2024-09-16,7,2,218,0.0092
2024-09-16,8,2,218,0.0092
2024-09-16,9,2,218,0.0092
2024-09-16,10,2,218,0.0092
2024-09-16,12,2,218,0.0092
2024-09-16,14,2,218,0.0092
2024-09-16,15,2,218,0.0092
2024-09-23,0,5,217,0.023
2024-09-23,1,7,217,0.0323
2024-09-23,2,8,217,0.0369
2024-09-23,3,5,217,0.023
2024-09-23,4,5,217,0.023
2024-09-23,5,4,217,0.0184
2024-09-23,6,2,217,0.0092
2024-09-23,7,1,217,0.0046
2024-09-23,8,2,217,0.0092
2024-09-23,9,2,217,0.0092
2024-09-23,11,1,217,0.0046
2024-09-23,12,2,217,0.0092
2024-09-23,13,1,217,0.0046
2024-09-23,14,1,217,0.0046
2024-09-30,0,4,170,0.0235
2024-09-30,1,13,170,0.0765
2024-09-30,2,5,170,0.0294
2024-09-30,3,6,170,0.0353
2024-09-30,4,4,170,0.0235
2024-09-30,5,6,170,0.0353
2024-09-30,6,1,170,0.0059
2024-09-30,7,2,170,0.0118
2024-09-30,8,3,170,0.0176
2024-09-30,9,1,170,0.0059
2024-09-30,10,1,170,0.0059
2024-09-30,12,1,170,0.0059
2024-10-07,0,7,147,0.0476
2024-10-07,1,5,147,0.034
2024-10-07,2,7,147,0.0476
2024-10-07,3,1,147,0.0068
2024-10-07,4,2,147,0.0136
2024-10-07,5,1,147,0.0068
2024-10-07,6,4,147,0.0272
2024-10-07,7,2,147,0.0136
2024-10-07,8,2,147,0.0136
2024-10-07,9,1,147,0.0068
2024-10-07,10,1,147,0.0068
2024-10-07,11,1,147,0.0068
2024-10-07,12,1,147,0.0068
2024-10-14,0,5,119,0.042
2024-10-14,1,4,119,0.0336
2024-10-14,2,6,119,0.0504
2024-10-14,3,3,119,0.0252
2024-10-14,4,2,119,0.0168
2024-10-14,5,1,119,0.0084
2024-10-14,6,4,119,0.0336
2024-10-14,7,1,119,0.0084
2024-10-14,8,1,119,0.0084
2024-10-14,11,1,119,0.0084
2024-10-21,0,6,102,0.0588
2024-10-21,1,2,102,0.0196
2024-10-21,2,3,102,0.0294
2024-10-21,3,3,102,0.0294
2024-10-21,4,6,102,0.0588
2024-10-21,5,3,102,0.0294
2024-10-21,6,3,102,0.0294
2024-10-21,7,1,102,0.0098
2024-10-21,10,4,102,0.0392
2024-10-28,0,4,89,0.0449
2024-10-28,1,2,89,0.0225
2024-10-28,2,6,89,0.0674
2024-10-28,3,7,89,0.0787
2024-10-28,4,1,89,0.0112
2024-10-28,5,1,89,0.0112
2024-10-28,8,2,89,0.0225
2024-10-28,9,2,89,0.0225
2024-11-04,1,3,58,0.0517
2024-11-04,2,2,58,0.0345
2024-11-04,3,2,58,0.0345
2024-11-04,4,1,58,0.0172
2024-11-04,5,1,58,0.0172
2024-11-11,0,2,64,0.0313
2024-11-11,1,2,64,0.0313
2024-11-11,2,1,64,0.0156
2024-11-11,3,2,64,0.0313
2024-11-11,4,1,64,0.0156
2024-11-11,5,2,64,0.0313
2024-11-11,7,2,64,0.0313
2024-11-18,0,2,39,0.0513
2024-11-18,1,4,39,0.1026
2024-11-18,2,2,39,0.0513
2024-11-18,3,1,39,0.0256
2024-11-18,5,2,39,0.0513
2024-11-18,6,5,39,0.1282
2024-11-25,1,2,31,0.0645
2024-11-25,2,3,31,0.0968
2024-11-25,3,2,31,0.0645
2024-11-25,5,5,31,0.1613
2024-12-02,0,1,14,0.0714
2024-12-02,4,3,14,0.2143
2024-12-09,3,1,4,0.25
